iter	Accuracy	Logloss
0	0.7967115097	0.687446244211	0.802690583	0.681215483822	0.8191330344	0.674959201933	0.8146487294	0.669080561244	0.8236173393	0.663041475955	0.8251121076	0.657574483366	0.8251121076	0.652320213277	0.8251121076	0.647141044688	0.8251121076	0.642153403999	0.8251121076	0.6375353011010	0.8251121076	0.6330302111	11	0.8236173393	0.6282678012	12	0.8236173393	0.6231030113	13	0.822122571	0.6188244114	14	0.8206278027	0.614740115	15	0.8236173393	0.6104216	0.816	0.8236173393	0.607817	0.8217	0.8236173393	0.605118	0.8218	0.8295964126	0.60119	0.82019	0.8266068759	0.59720	0.82020	0.8281016442	0.59321	0.82221	0.8281016442	0.5922	0.820622	0.8266068759	0.5823	0.820623	0.8266068759	0.524	0.82024	0.8266068759	0.58125	0.82225	0.8251121076	0.5726	0.822126	0.8251121076	0.527	0.8221227	0.8266068759	0.28	0.82212228	0.8281016442	029	0.822122529	0.8281016442	30	0.8221225730	0.828101644231	0.82212257131	0.82959641232	0.82212257132	0.82660687533	0.822122571	33	0.8266068734	0.8251121076	34	0.8295964135	0.8251121076	35	0.8266068736	0.8236173393	36	0.8251121037	0.8236173393	37	0.8281016438	0.8251121076	38	0.8281016439	0.8251121076	39	0.8266068740	0.8236173393	40	0.826606841	0.8236173393	041	0.825112142	0.8251121076	042	0.826606843	0.8236173393	043	0.826606844	0.8236173393	044	0.8281045	0.8236173393	0.45	0.82810146	0.8236173393	0.46	0.82511247	0.8236173393	047	0.826606848	0.822122571	0.48	0.8266049	0.8236173393	0.549	0.8266050	0.8236173393	0.50	0.82810151	0.822122571	0.551	0.8266052	0.822122571	0.5052	0.828153	0.8236173393	0.5053	0.828154	0.822122571	0.49854	0.82655	0.822122571	0.497055	0.8256	0.8236173393	0.495056	0.8257	0.8236173393	0.492557	0.8258	0.8236173393	0.490758	0.8259	0.8236173393	0.488559	0.8260	0.8251121076	0.486660	0.8261	0.8236173393	0.485461	0.8262	0.8236173393	0.484562	0.8263	0.8251121076	0.48263	0.82664	0.8251121076	0.48064	0.82665	0.8251121076	0.47965	0.82966	0.8251121076	0.47766	0.82867	0.822122571	0.477167	0.8268	0.822122571	0.4756768	0.869	0.8251121076	0.4741169	0.870	0.8251121076	0.4721470	0.871	0.8236173393	0.4714871	0.872	0.822122571	0.4699872	0.873	0.822122571	0.46881373	0.74	0.822122571	0.467727174	075	0.822122571	0.4663336475	76	0.822122571	0.4657493917677	0.8206278027	0.4645867027778	0.8206278027	0.464028513779	0.822122571	0.4628397648
80	0.8206278027	0.461487514
81	0.8206278027	0.4595338149
82	0.8206278027	0.4584830501
83	0.8206278027	0.4568235451
84	0.8206278027	0.4561814364
85	0.822122571	0.4548421868
86	0.8206278027	0.4537133509
87	0.8206278027	0.4524387629
88	0.822122571	0.450998436
89	0.8206278027	0.450016821
90	0.822122571	0.4486215671
91	0.822122571	0.4473806028
92	0.822122571	0.4461509426
93	0.8236173393	0.4452946635
94	0.8236173393	0.4446093985
95	0.8236173393	0.4437488626
96	0.8251121076	0.4426611876
97	0.8251121076	0.441944672
98	0.8236173393	0.4406123032
99	0.8236173393	0.4396824484
100	0.8236173393	0.438013723
101	0.8236173393	0.4376989559
102	0.8236173393	0.4365226628
103	0.8236173393	0.4353826121
104	0.8236173393	0.4342547574
105	0.8236173393	0.4333541318
106	0.8266068759	0.4327322622
107	0.8236173393	0.4316342537
108	0.8266068759	0.4309804217
109	0.8236173393	0.430653555
110	0.8236173393	0.4303957704
111	0.8236173393	0.4300961743
112	0.8251121076	0.4295966568
113	0.8251121076	0.4293930498
114	0.8266068759	0.4285268078
115	0.8266068759	0.4282485788
116	0.8266068759	0.4275208395
117	0.8266068759	0.4271074103
118	0.8251121076	0.426434238
119	0.8266068759	0.4263928461
120	0.8251121076	0.4254238865
121	0.8251121076	0.4252088252
122	0.8266068759	0.4244429654
123	0.8266068759	0.4241113223
124	0.8266068759	0.423395583
125	0.8266068759	0.423103637
126	0.8266068759	0.4229345402
127	0.8266068759	0.4227398313
128	0.8266068759	0.4217573044
129	0.8266068759	0.4213755303
130	0.8266068759	0.4206186964
131	0.8266068759	0.4200858339
132	0.8266068759	0.4195720611
133	0.8266068759	0.4191738633
134	0.8266068759	0.4186743253
135	0.8266068759	0.4180335328
136	0.8266068759	0.4176340416
137	0.8266068759	0.4167428078
138	0.8266068759	0.4165311396
139	0.8266068759	0.4155122478
140	0.8266068759	0.4153601531
141	0.8266068759	0.4149738693
142	0.8266068759	0.4145431285
143	0.8266068759	0.4141580855
144	0.8266068759	0.4137264324
145	0.8266068759	0.4134310718
146	0.8266068759	0.412893703
147	0.8266068759	0.4125206605
148	0.8266068759	0.4124986872
149	0.8266068759	0.4121208131
150	0.8266068759	0.4118683269
151	0.8266068759	0.4113743092
152	0.8266068759	0.4106985517
153	0.8266068759	0.4101943892
154	0.8266068759	0.4097302922
155	0.8281016442	0.4090402035
156	0.8295964126	0.408408259
157	0.8266068759	0.4081044707
158	0.8266068759	0.407998087
159	0.8266068759	0.407414506
160	0.8266068759	0.4072954079
161	0.8266068759	0.4071474441
162	0.8295964126	0.4069378584
163	0.8295964126	0.4063207682
164	0.8281016442	0.4060300763
165	0.8281016442	0.4059230668
166	0.8281016442	0.4055989158
167	0.8281016442	0.4052718182
168	0.8281016442	0.4049309995
169	0.8281016442	0.4043085463
170	0.8281016442	0.4038656274
171	0.8281016442	0.4035683149
172	0.8281016442	0.403155259
173	0.8281016442	0.402834619
174	0.8281016442	0.4026957138
175	0.8281016442	0.4022800214
176	0.8281016442	0.4017652362
177	0.8281016442	0.4014710849
178	0.8281016442	0.4011418005
179	0.8281016442	0.4006540847
180	0.8295964126	0.4003129417
181	0.8295964126	0.3997676898
182	0.8295964126	0.3992119117
183	0.8295964126	0.3987845316
184	0.8295964126	0.3983552509
185	0.8295964126	0.3979619745
186	0.8310911809	0.3975221699
187	0.8310911809	0.3973480133
188	0.8310911809	0.3970542995
189	0.8310911809	0.3969613428
190	0.8310911809	0.3963989971
191	0.8310911809	0.3962920656
192	0.8310911809	0.3961007225
193	0.8310911809	0.3959759988
194	0.8310911809	0.3958533885
195	0.8310911809	0.3950451673
196	0.8310911809	0.3947798178
197	0.8325859492	0.3947047081
198	0.8325859492	0.394608331
199	0.8340807175	0.3945557457
200	0.8340807175	0.3944767656
201	0.8340807175	0.3942109434
202	0.8340807175	0.3937816264
203	0.8340807175	0.3935344272
204	0.8340807175	0.3932847102
205	0.8340807175	0.3931083275
206	0.8340807175	0.3928120257
207	0.8355754858	0.3923259962
208	0.8355754858	0.3920885147
209	0.8340807175	0.3915238957
210	0.8355754858	0.3912603185
211	0.8355754858	0.3908348711
212	0.8340807175	0.3905040172
213	0.8325859492	0.390357264
214	0.8325859492	0.3903523775
215	0.8340807175	0.3899380256
216	0.8340807175	0.3896824724
217	0.8355754858	0.3896296132
218	0.8355754858	0.3894190768
219	0.8340807175	0.3894147062
220	0.8355754858	0.3893703418
221	0.8370702541	0.3887915411
222	0.8370702541	0.3883325305
223	0.8370702541	0.3882538739
224	0.8370702541	0.3879175158
225	0.8370702541	0.3877526179
226	0.8355754858	0.3877160789
227	0.8355754858	0.38734248722228	0.8355754858	0.38710416322229	0.8355754858	0.38699411022230	0.8355754858	0.38687793230231	0.8355754858	0.38671920231232	0.8370702541	0.3865266323233	0.8385650224	0.38607120323234	0.8400597907	0.38547146623235	0.8400597907	0.38501952223236	0.8400597907	0.38445779236237	0.8400597907	0.38406504237238	0.8400597907	0.38359517238239	0.8400597907	0.3831530239	240	0.8400597907	0.3829732240	241	0.8400597907	0.382636241	0242	0.8400597907	0.382481242	0243	0.8400597907	0.382304243	0244	0.841554559	0.3819650244	245	0.841554559	0.38183184245246	0.841554559	0.38166149324247	0.841554559	0.38128275752248	0.841554559	0.3807718132
249	0.841554559	0.3805934669
250	0.841554559	0.3804153102
251	0.841554559	0.3803292375
252	0.841554559	0.3800979644
253	0.841554559	0.3798057815
254	0.841554559	0.3796294055
255	0.841554559	0.3795039654
256	0.841554559	0.3790159159
257	0.841554559	0.378680297
258	0.841554559	0.3785092592
259	0.8400597907	0.3783266657
260	0.8400597907	0.3780177808
261	0.8400597907	0.3776507535
262	0.841554559	0.3773554668
263	0.841554559	0.3772453884
264	0.841554559	0.3770689904
265	0.841554559	0.3770111208
266	0.841554559	0.3769702339
267	0.841554559	0.3765628934
268	0.841554559	0.3765196405
269	0.841554559	0.3764834905
270	0.8430493274	0.3761743294
271	0.8430493274	0.3754873611
272	0.8430493274	0.3752036889
273	0.8430493274	0.3749748323
274	0.8430493274	0.3748994619
275	0.8430493274	0.3748814527
276	0.8445440957	0.3746112445
277	0.8445440957	0.374299962
278	0.846038864	0.3740586121
279	0.846038864	0.3739316152
280	0.846038864	0.3737497982
281	0.846038864	0.3736159213
282	0.846038864	0.3734028669
283	0.846038864	0.3733212172
284	0.846038864	0.3732943153
285	0.846038864	0.3729031203
286	0.846038864	0.3724731789
287	0.846038864	0.372393843
288	0.846038864	0.3721986946
289	0.846038864	0.3720767338
290	0.8490284006	0.3719014009
291	0.846038864	0.3717722102
292	0.8475336323	0.3716004047
293	0.8475336323	0.3715797418
294	0.8490284006	0.3712500711
295	0.8490284006	0.3708332941
296	0.8490284006	0.3707845445
297	0.8490284006	0.3706238088
298	0.8475336323	0.3702060459
299	0.8490284006	0.3701163811
300	0.8490284006	0.369916026
301	0.8490284006	0.3699105067
302	0.8475336323	0.3697880337
303	0.8475336323	0.3697246675
304	0.8475336323	0.3692964469
305	0.846038864	0.3692426239
306	0.8475336323	0.3688861182
307	0.8475336323	0.3688748147
308	0.8475336323	0.3687327575
309	0.8490284006	0.3684303654
310	0.8490284006	0.3684252331
311	0.8505231689	0.3683441283
312	0.8490284006	0.3682460123
313	0.8505231689	0.3679167361
314	0.8505231689	0.3678202659
315	0.8505231689	0.3677865382
316	0.8505231689	0.3675682969
317	0.8505231689	0.3675598357
318	0.8505231689	0.3672506956
319	0.8505231689	0.3670801799
320	0.8505231689	0.3668190049
321	0.8505231689	0.3667090023
322	0.8505231689	0.3662966835
323	0.8520179372	0.3660101336
324	0.8520179372	0.3658246914
325	0.8520179372	0.3656349679
326	0.8520179372	0.3655925251
327	0.8520179372	0.3655651455
328	0.8520179372	0.3653844697
329	0.8520179372	0.3653602379
330	0.8520179372	0.3651346049
331	0.8520179372	0.3650498855
332	0.8520179372	0.3650157726
333	0.8520179372	0.3649761487
334	0.8520179372	0.3646915204
335	0.8520179372	0.3646768265
336	0.8520179372	0.364502016
337	0.8520179372	0.3643481412
338	0.8520179372	0.3641952565
339	0.8520179372	0.3641869288
340	0.8535127055	0.3636381332
341	0.8535127055	0.3634639628
342	0.8535127055	0.3634104821
343	0.8535127055	0.3634103272
344	0.8535127055	0.363371855
345	0.8535127055	0.3631453631
346	0.8535127055	0.3631039547
347	0.8535127055	0.3628082327
348	0.8535127055	0.362619819
349	0.8535127055	0.3626162526
350	0.8535127055	0.3626161126
351	0.8535127055	0.3625501819
352	0.8535127055	0.3621811596
353	0.8535127055	0.3619774143
354	0.8535127055	0.3618161889
355	0.8535127055	0.3617349181
356	0.8535127055	0.3617178008
357	0.8535127055	0.3614779973
358	0.8535127055	0.3614759381
359	0.8535127055	0.3613785448
360	0.8535127055	0.3613104679
361	0.8535127055	0.3611797658
362	0.8535127055	0.3611270052
363	0.8535127055	0.3607284161
364	0.8535127055	0.3605401234
365	0.8535127055	0.3605104329
366	0.8535127055	0.3602932282
367	0.8535127055	0.3600161154
368	0.8535127055	0.3599342223
369	0.8535127055	0.3599219185
370	0.8535127055	0.3597410122
371	0.8535127055	0.3597306536
372	0.8535127055	0.3597203643
373	0.8535127055	0.3595522059
374	0.8535127055	0.3595415291
375	0.8535127055	0.3593801398
376	0.8535127055	0.3592315676
377	0.8535127055	0.3590971473
378	0.8550074738	0.3589945337
379	0.8550074738	0.3587802404
380	0.8550074738	0.3585263302
381	0.8550074738	0.3581710585
382	0.8550074738	0.3581627993
383	0.8550074738	0.3581301829
384	0.8550074738	0.358090661
385	0.8550074738	0.3580234179
386	0.8565022422	0.3578792046
387	0.8535127055	0.3575932246
388	0.8550074738	0.3573431865
389	0.8565022422	0.357208617
390	0.8565022422	0.3570465908
391	0.8565022422	0.3567399908
392	0.8565022422	0.3566270968
393	0.8565022422	0.3564212078
394	0.8565022422	0.3562802308
395	0.8565022422	0.3560754416
396	0.8565022422	0.3559896871
397	0.8565022422	0.3558591096
398	0.8565022422	0.3556576587
399	0.8565022422	0.3555257735
400	0.8579970105	0.3553850934
401	0.8579970105	0.3553310649
402	0.8579970105	0.3551180384
403	0.8579970105	0.3549936804
404	0.8579970105	0.3549403515
405	0.8579970105	0.3548360302
406	0.8579970105	0.3547146953
407	0.8579970105	0.3546430394
408	0.8579970105	0.3545180872
409	0.8579970105	0.3544393139
410	0.8579970105	0.354287079
411	0.8579970105	0.3542231632
412	0.8579970105	0.3541991829
413	0.8579970105	0.3541755907
414	0.8579970105	0.3540128315
415	0.8579970105	0.3538393356
416	0.8579970105	0.3538311005
417	0.8579970105	0.3537101638
418	0.8579970105	0.3536893065
419	0.8579970105	0.3533413667
420	0.8579970105	0.3528662982
421	0.8579970105	0.3527467697
422	0.8579970105	0.352496982
423	0.8579970105	0.3523801102
424	0.8579970105	0.3523612533
425	0.8579970105	0.3521940258
426	0.8579970105	0.3518670668
427	0.8579970105	0.3516597697
428	0.8579970105	0.3512326687
429	0.8579970105	0.3510767209
430	0.8579970105	0.3508370915
431	0.8579970105	0.3508191179
432	0.8579970105	0.3506594265
433	0.8579970105	0.3505524305
434	0.8579970105	0.3504293076
435	0.8579970105	0.3502815487
436	0.8594917788	0.3498477659
437	0.8594917788	0.3497280926
438	0.8609865471	0.3496742745
439	0.8609865471	0.349491423
440	0.8609865471	0.3494914228
441	0.8609865471	0.3492475243
442	0.8609865471	0.349085809
443	0.8609865471	0.3489287027
444	0.8609865471	0.3489114247
445	0.8609865471	0.3488571663
446	0.8609865471	0.3487315262
447	0.8609865471	0.3486733506
448	0.8609865471	0.3486733458
449	0.8609865471	0.3486650889
450	0.8609865471	0.3484561452
451	0.8609865471	0.348299291
452	0.8609865471	0.3482142432
453	0.8609865471	0.3480034172
454	0.8609865471	0.3479559216
455	0.8624813154	0.3477804894
456	0.8624813154	0.3476757487
457	0.8624813154	0.3476054489
458	0.8624813154	0.3472420304
459	0.8624813154	0.3470953371
460	0.8624813154	0.3470821518
461	0.8624813154	0.3470681869
462	0.8624813154	0.3469259544
463	0.8624813154	0.3465944523
464	0.8624813154	0.346306101
465	0.8624813154	0.3461417224
466	0.8624813154	0.3460228217
467	0.8624813154	0.3458584356
468	0.8624813154	0.3456663596
469	0.8624813154	0.3455597962
470	0.8624813154	0.3454798648
471	0.8624813154	0.345460555
472	0.8624813154	0.3453861607
473	0.8639760837	0.3450314482
474	0.8639760837	0.344839756
475	0.8639760837	0.3445556641
476	0.8639760837	0.3445302671
477	0.8639760837	0.3445113931
478	0.8639760837	0.3444785406
479	0.8639760837	0.3444077434
480	0.8639760837	0.3441779773
481	0.8639760837	0.3441334892
482	0.865470852	0.3441186885
483	0.865470852	0.3439670605
484	0.865470852	0.343818368
485	0.865470852	0.3437530062
486	0.865470852	0.3435566423
487	0.865470852	0.3435416503
488	0.865470852	0.3434961284
489	0.865470852	0.3433497689
490	0.865470852	0.3432806601
491	0.865470852	0.343260899
492	0.865470852	0.3430003927
493	0.865470852	0.3429088138
494	0.865470852	0.3429030947
495	0.865470852	0.3427346047
496	0.865470852	0.3425083968
497	0.865470852	0.3424000276
498	0.865470852	0.3423290019
499	0.865470852	0.3421582904
500	0.865470852	0.3421510335
501	0.865470852	0.3421143486
502	0.865470852	0.3419433968
503	0.865470852	0.341746098
504	0.865470852	0.3416304003
505	0.865470852	0.3414947675
506	0.865470852	0.3414344275
507	0.865470852	0.3411320349
508	0.865470852	0.3409795844
509	0.865470852	0.3407970349
510	0.865470852	0.3407563969
511	0.865470852	0.3405931151
512	0.8669656203	0.3403884979
513	0.8669656203	0.3403341412
514	0.8669656203	0.3403242826
515	0.8669656203	0.3402518915
516	0.8669656203	0.3402287143
517	0.8669656203	0.3402184012
518	0.8684603886	0.3400529663
519	0.8684603886	0.3399884696
520	0.8684603886	0.3399501158
521	0.8684603886	0.339909757
522	0.8684603886	0.3398105873
523	0.8684603886	0.3397499289
524	0.8684603886	0.3396636366
525	0.8684603886	0.3395847755
526	0.8684603886	0.3394966468
527	0.8684603886	0.3394361461
528	0.8684603886	0.339261601
529	0.8684603886	0.3389430578
530	0.8684603886	0.338787502
531	0.8684603886	0.3387506815
532	0.8684603886	0.3386575598
533	0.8684603886	0.3386498078
534	0.8684603886	0.3386430988
535	0.8684603886	0.338545121
536	0.8684603886	0.3384520251
537	0.8684603886	0.3383351156
538	0.8684603886	0.3382366971
539	0.8684603886	0.3382160623
540	0.8684603886	0.3381553745
541	0.8684603886	0.33785352
542	0.8684603886	0.3376680856
543	0.8684603886	0.3376060883
544	0.8684603886	0.3375805746
545	0.8684603886	0.3375805608
546	0.8684603886	0.3375694696
547	0.8684603886	0.3375506255
548	0.8684603886	0.3375483276
549	0.8684603886	0.3371171457
550	0.869955157	0.3369285724
551	0.869955157	0.336731011
552	0.869955157	0.3366477684
553	0.869955157	0.3364258481
554	0.869955157	0.3363670989
555	0.869955157	0.336364819
556	0.869955157	0.3363185666
557	0.869955157	0.3362036239
558	0.869955157	0.3359385265
559	0.869955157	0.3358221014
560	0.869955157	0.335780505
561	0.869955157	0.3357805046
562	0.8714499253	0.3355143464
563	0.8714499253	0.3354401781
564	0.8714499253	0.3353947755
565	0.8714499253	0.3353754016
566	0.8714499253	0.3352855926
567	0.8714499253	0.335252105
568	0.8714499253	0.335034941
569	0.8714499253	0.3348637054
570	0.8714499253	0.3348337967
571	0.8714499253	0.3346053209
572	0.8714499253	0.3345881533
573	0.8714499253	0.3345263585
574	0.8714499253	0.334361425
575	0.8714499253	0.334114055
576	0.8714499253	0.3340315409
577	0.8714499253	0.3339102133
578	0.8729446936	0.3337843525
579	0.8729446936	0.3337071308
580	0.8729446936	0.3336065227
581	0.8729446936	0.3335547863
582	0.8729446936	0.3334312354
583	0.8714499253	0.3333532479
584	0.8714499253	0.3330774095
585	0.8714499253	0.3330606311
586	0.8714499253	0.3329940983
587	0.8714499253	0.3328283438
588	0.8714499253	0.3326461597
589	0.8714499253	0.3325298806
590	0.8714499253	0.3324899246
591	0.8714499253	0.3323549486
592	0.8714499253	0.3323387301
593	0.8714499253	0.3323264048
594	0.8714499253	0.332276832
595	0.8714499253	0.3320615098
596	0.8714499253	0.3319964257
597	0.8714499253	0.3319842581
598	0.8714499253	0.3318195495
599	0.8714499253	0.3317357665
600	0.8714499253	0.3315904936
601	0.8714499253	0.3314965339
602	0.8714499253	0.3313506022
603	0.8714499253	0.3312337126
604	0.8729446936	0.3311273095
605	0.8714499253	0.3310729322
606	0.8714499253	0.3310639899
607	0.8729446936	0.3310071796
608	0.8714499253	0.330981297
609	0.8714499253	0.3309812963
610	0.8714499253	0.3309441705
611	0.8714499253	0.3309290913
612	0.8714499253	0.3309087414
613	0.8714499253	0.3308282219
614	0.8714499253	0.3308078085
615	0.8714499253	0.3306798296
616	0.8714499253	0.3305164534
617	0.8714499253	0.3304568085
618	0.8714499253	0.3304309682
619	0.8714499253	0.3304222337
620	0.8714499253	0.3299962458
621	0.8714499253	0.329852923
622	0.8714499253	0.3295815481
623	0.8729446936	0.3295295169
624	0.8729446936	0.329388895
625	0.8729446936	0.3293701119
626	0.8729446936	0.3293110782
627	0.8729446936	0.3292487679
628	0.8729446936	0.3289601165
629	0.8729446936	0.3289207913
630	0.8729446936	0.3289011453
631	0.8729446936	0.32881773
632	0.8729446936	0.3287051546
633	0.8729446936	0.3285717651
634	0.8729446936	0.3284743759
635	0.8729446936	0.3283967125
636	0.8729446936	0.3283967069
637	0.8729446936	0.3283895331
638	0.8729446936	0.3283809721
639	0.8729446936	0.3281973445
640	0.8729446936	0.3279245667
641	0.8729446936	0.3278623789
642	0.8729446936	0.3278553107
643	0.8729446936	0.3278286201
644	0.8729446936	0.3277807621
645	0.8729446936	0.3275656271
646	0.8729446936	0.3275293733
647	0.8729446936	0.3273926749
648	0.8729446936	0.3273534938
649	0.8729446936	0.3270617786
650	0.8729446936	0.3266915635
651	0.8729446936	0.3265487097
652	0.8729446936	0.3265012418
653	0.8729446936	0.3263863845
654	0.8729446936	0.3262457048
655	0.8729446936	0.3261719607
656	0.8729446936	0.3261646931
657	0.8729446936	0.3261429584
658	0.8729446936	0.3261339553
659	0.8729446936	0.326104299
660	0.8729446936	0.3260972907
661	0.8729446936	0.3260628135
662	0.8729446936	0.3260088829
663	0.8729446936	0.3258660559
664	0.8729446936	0.3256679276
665	0.8729446936	0.3256399336
666	0.8729446936	0.3256214905
667	0.8729446936	0.3256149297
668	0.8729446936	0.3255507973
669	0.8729446936	0.3255507966
670	0.8729446936	0.3255427674
671	0.8729446936	0.3254068504
672	0.8729446936	0.3252782636
673	0.8729446936	0.3250739678
674	0.8729446936	0.3250659949
675	0.8729446936	0.3250445321
676	0.8729446936	0.3249782776
677	0.8729446936	0.3249227043
678	0.8729446936	0.3248357345
679	0.8729446936	0.324720438
680	0.8729446936	0.3245998083
681	0.8729446936	0.3242685138
682	0.8729446936	0.3241473486
683	0.8729446936	0.3241396694
684	0.8729446936	0.3241001885
685	0.8729446936	0.3240807071
686	0.8729446936	0.323855975
687	0.8729446936	0.3238294
688	0.8729446936	0.3237434451
689	0.8729446936	0.3236232941
690	0.8729446936	0.3233099761
691	0.8729446936	0.3232188635
692	0.8729446936	0.3232047791
693	0.8729446936	0.3231236141
694	0.8729446936	0.3229567396
695	0.8729446936	0.3228955451
696	0.8729446936	0.3228481692
697	0.8729446936	0.3228221643
698	0.8729446936	0.3228082148
699	0.8729446936	0.3227722553
700	0.8729446936	0.3227664063
701	0.8729446936	0.3226078116
702	0.8729446936	0.3225806006
703	0.8729446936	0.3225128692
704	0.8729446936	0.322314041
705	0.8729446936	0.3223070832
706	0.8729446936	0.3221983233
707	0.8729446936	0.3221926615
708	0.8729446936	0.3221674552
709	0.8729446936	0.3220264175
710	0.8729446936	0.3219757597
711	0.8729446936	0.3216369708
712	0.8729446936	0.3215984652
713	0.8729446936	0.3215963308
714	0.8729446936	0.3215854506
715	0.8729446936	0.3215033296
716	0.8729446936	0.3214654437
717	0.8729446936	0.3214587335
718	0.8729446936	0.3213389344
719	0.8729446936	0.3212526854
720	0.8729446936	0.3211784569
721	0.8729446936	0.3208792317
722	0.8729446936	0.3208348356
723	0.8729446936	0.3206816982
724	0.8729446936	0.3206680808
725	0.8729446936	0.3203237731
726	0.8729446936	0.3201215175
727	0.8729446936	0.320050748
728	0.8729446936	0.3200193703
729	0.8729446936	0.3200076864
730	0.8729446936	0.3199783738
731	0.8729446936	0.3199719141
732	0.8729446936	0.319665492
733	0.8729446936	0.319659083
734	0.8729446936	0.3195557659
735	0.8729446936	0.3194798145
736	0.8729446936	0.3193581752
737	0.8744394619	0.3191746852
738	0.8744394619	0.3189652213
739	0.8744394619	0.3188716906
740	0.8744394619	0.3188643043
741	0.8744394619	0.3187030021
742	0.8744394619	0.3187030008
743	0.8744394619	0.318462861
744	0.8744394619	0.3184566323
745	0.8744394619	0.3182824578
746	0.8744394619	0.3181897553
747	0.8744394619	0.3178951695
748	0.8744394619	0.3178642582
749	0.8744394619	0.3177943522
750	0.8744394619	0.317781829
751	0.8744394619	0.3177524521
752	0.8744394619	0.3176930412
753	0.8744394619	0.3175528077
754	0.8744394619	0.3174173337
755	0.8744394619	0.3171241438
756	0.8744394619	0.3170875921
757	0.8744394619	0.3169955852
758	0.8744394619	0.3169194863
759	0.8759342302	0.316871673
760	0.8774289985	0.3168266026
761	0.8774289985	0.3167259132
762	0.8774289985	0.3166934242
763	0.8774289985	0.3166473973
764	0.8774289985	0.316351618
765	0.8774289985	0.3162418143
766	0.8774289985	0.3162030264
767	0.8774289985	0.3161551175
768	0.8774289985	0.3160448045
769	0.8774289985	0.3160401893
770	0.8774289985	0.3160345476
771	0.8774289985	0.3160159464
772	0.8774289985	0.3158585311
773	0.8774289985	0.3157519184
774	0.8774289985	0.315733778
775	0.8774289985	0.3156064407
776	0.8774289985	0.3155701491
777	0.8774289985	0.3155338324
778	0.8774289985	0.3155283259
779	0.8774289985	0.31542483
780	0.8774289985	0.3152286434
781	0.8774289985	0.3150596416
782	0.8774289985	0.3150308382
783	0.8774289985	0.3149674232
784	0.8789237668	0.3146957341
785	0.8804185351	0.3143729437
786	0.8804185351	0.3142663319
787	0.8819133034	0.314106866
788	0.8819133034	0.3139919865
789	0.8819133034	0.3139227294
790	0.8834080717	0.3137726699
791	0.8834080717	0.3135747448
792	0.8834080717	0.3135174019
793	0.8834080717	0.3133765231
794	0.8834080717	0.3133149863
795	0.8834080717	0.313209617
796	0.8834080717	0.3132000824
797	0.8834080717	0.3131645784
798	0.8834080717	0.3131594633
799	0.8834080717	0.3131022681
800	0.8834080717	0.3129613226
801	0.8834080717	0.3129028072
802	0.8834080717	0.3128884557
803	0.8819133034	0.3126572591
804	0.8819133034	0.3125713423
805	0.8819133034	0.3125494046
806	0.8819133034	0.3123582239
807	0.8819133034	0.3123166101
808	0.8819133034	0.3120967017
809	0.8819133034	0.3120060646
810	0.8834080717	0.3116736466
811	0.8834080717	0.3115419838
812	0.8834080717	0.3114006374
813	0.8834080717	0.3112808055
814	0.8834080717	0.3111061595
815	0.8834080717	0.3108700731
816	0.8834080717	0.3107474792
817	0.8834080717	0.3105567415
818	0.8834080717	0.3105294996
819	0.8834080717	0.3105039929
820	0.8834080717	0.3104465353
821	0.8834080717	0.3104333097
822	0.8834080717	0.310285603
823	0.8834080717	0.3102146427
824	0.8834080717	0.3102099566
825	0.8834080717	0.3101224401
826	0.8834080717	0.3100116045
827	0.8834080717	0.3098420961
828	0.8834080717	0.309799196
829	0.8834080717	0.3096644676
830	0.8834080717	0.3096176322
831	0.8834080717	0.3095981413
832	0.8849028401	0.3093447845
833	0.8849028401	0.3092489735
834	0.8849028401	0.3092317868
835	0.8849028401	0.3091941214
836	0.8849028401	0.3091440187
837	0.8849028401	0.3091107204
838	0.8849028401	0.3090094573
839	0.8849028401	0.3089728612
840	0.8849028401	0.3089383675
841	0.8849028401	0.30889051638842	0.8849028401	0.30888162738843	0.8849028401	0.30884533328844	0.8849028401	0.30883380788845	0.8849028401	0.30882225148846	0.8849028401	0.30877949478847	0.8849028401	0.30871932628848	0.8849028401	0.30847833888849	0.8849028401	0.30840359318850	0.8849028401	0.30829967448851	0.8849028401	0.30827923818852	0.8849028401	0.30827212518853	0.8849028401	0.30824194368854	0.8849028401	0.30819799
855	0.8849028401	0.308132679
856	0.8849028401	0.3080479904
857	0.8849028401	0.3079481359
858	0.8849028401	0.3078389382
859	0.8849028401	0.3078049589
860	0.8849028401	0.3077442109
861	0.8849028401	0.3076360805
862	0.8849028401	0.3075597871
863	0.8849028401	0.3074781223
864	0.8849028401	0.307425056
865	0.8849028401	0.3072281817
866	0.8849028401	0.3070365817
867	0.8849028401	0.3069191495
868	0.8849028401	0.306909191
869	0.8849028401	0.3068533339
870	0.8849028401	0.3065794298
871	0.8849028401	0.3063959822
872	0.8863976084	0.3062075152
873	0.8863976084	0.3061615628
874	0.8863976084	0.3058303166
875	0.8863976084	0.3056821655
876	0.8863976084	0.3056608558
877	0.8863976084	0.3056528438
878	0.8863976084	0.3056007202
879	0.8863976084	0.305532919
880	0.8863976084	0.3055277389
881	0.8863976084	0.3053421054
882	0.8863976084	0.305182795
883	0.8863976084	0.3050257684
884	0.8863976084	0.304948189
885	0.8863976084	0.3047795206
886	0.8863976084	0.3047621121
887	0.8863976084	0.3044228863
888	0.8863976084	0.3043146103
889	0.8863976084	0.3042380719
890	0.8863976084	0.3041592571
891	0.8863976084	0.3041554613
892	0.8863976084	0.3041423933
893	0.8863976084	0.3039855726
894	0.8863976084	0.3039401154
895	0.8863976084	0.3038830326
896	0.8863976084	0.3038727151
897	0.8863976084	0.3037253126
898	0.8863976084	0.3036768479
899	0.8863976084	0.3034502144
900	0.8863976084	0.3034187228
901	0.8863976084	0.3031402857
902	0.8863976084	0.3028120682
903	0.8863976084	0.302738467
904	0.8863976084	0.3025201819
905	0.8863976084	0.3025117021
906	0.8863976084	0.3025026719
907	0.8863976084	0.3024943481
908	0.8863976084	0.3024552053
909	0.8863976084	0.302353136
910	0.8878923767	0.3020721439
911	0.8878923767	0.302045571
912	0.8878923767	0.3018181718
913	0.8878923767	0.3017829542
914	0.8878923767	0.3017671275
915	0.8878923767	0.3017637877
916	0.8878923767	0.3016488982
917	0.8878923767	0.3014485087
918	0.8878923767	0.3013153684
919	0.8878923767	0.301255022
920	0.8878923767	0.3010866464
921	0.8878923767	0.3010191372
922	0.8878923767	0.3010138296
923	0.8878923767	0.3008249466
924	0.8878923767	0.3005167087
925	0.8878923767	0.3002881916
926	0.8878923767	0.3002357513
927	0.8878923767	0.3000215566
928	0.8878923767	0.3000182935
929	0.8878923767	0.300015053
930	0.8878923767	0.2998613034
931	0.8878923767	0.2997860974
932	0.8878923767	0.299699771
933	0.8878923767	0.2996972017
934	0.8878923767	0.2995587239
935	0.8878923767	0.2992749414
936	0.8878923767	0.2992667305
937	0.8878923767	0.2991009719
938	0.8878923767	0.2989506879
939	0.8878923767	0.2987363082
940	0.8878923767	0.2986356467
941	0.8878923767	0.2986025763
942	0.8878923767	0.2985732181
943	0.8878923767	0.2985375738
944	0.8878923767	0.2985294595
945	0.8878923767	0.29836025894946	0.8878923767	0.29820963946947	0.8878923767	0.29803315947948	0.8878923767	0.29802195948949	0.8878923767	0.29784065949950	0.8878923767	0.29777235950951	0.8878923767	0.29774356951952	0.8878923767	0.2977300995953	0.8878923767	0.29767896295954	0.8878923767	0.29762272895955	0.8863976084	0.29752755595956	0.8863976084	0.29752283895957	0.8863976084	0.29739255595958	0.8863976084	0.29738504995959	0.8863976084	0.29737503195960	0.8863976084	0.29727708796961	0.8863976084	0.29726851961962	0.8863976084	0.29723092962963	0.8863976084	0.2971950596964	0.8863976084	0.29694471964965	0.8863976084	0.29672373965966	0.8863976084	0.29671240966967	0.8863976084	0.2965821967968	0.8863976084	0.2965750968	969	0.8863976084	0.296489969	0970	0.8863976084	0.296294970	0971	0.8863976084	0.296144971	0972	0.8863976084	0.296067972	0973	0.8863976084	0.296055973	0974	0.8863976084	0.296048974	0975	0.8863976084	0.29599975	0.976	0.8878923767	0.2958976	0.8977	0.8878923767	0.2958977	0978	0.8878923767	0.295815978	0979	0.8878923767	0.29578979	0.980	0.8878923767	0.2957980	0981	0.8878923767	0.29572981	0.982	0.8878923767	0.29568982	0.983	0.8878923767	0.29550983	0.984	0.8878923767	0.29548984	0.985	0.8878923767	0.29545985	0.986	0.8878923767	0.29544986	0987	0.8878923767	0.295396987	0988	0.8878923767	0.295358988	0989	0.8878923767	0.295356989	990	0.8878923767	0.2953467990	991	0.8878923767	0.2951742991	992	0.8878923767	0.2950520992	993	0.8878923767	0.2947303993	994	0.8878923767	0.2945268994	995	0.8878923767	0.2944005995	996	0.8878923767	0.2943739996	997	0.8878923767	0.2943293997	998	0.8878923767	0.2942281998	999	0.8878923767	0.2942243999	0.8938714499	0.286899233
0.8860569715	0.2948458419
